{"cameraMode":{"drawMode":0,"name":"Shaded","section":"Shading Mode"},"sceneLighting":true,"audioPlay":false,"sceneViewState":{"m_AlwaysRefresh":true,"showFog":true,"showSkybox":true,"showFlares":true,"showImageEffects":true,"showParticleSystems":true,"showVisualEffectGraphs":true,"m_FxEnabled":true},"in2DMode":false,"pivot":{"x":0.18681621551513673,"y":8.863962173461914,"z":6.426700592041016},"rotation":{"x":-0.06705783307552338,"y":-0.7028921842575073,"z":0.0668254941701889,"w":-0.7049958109855652},"size":0.5820637941360474,"orthographic":false}